e, e_dot, e_int, stamp, 
0.3995764630949683, 0.0, 0.07991529261899366, 11693890000000, 
0.3995764630949683, 0.0, 0.07991529261899366, 11693890000000, 
0.3995764630949683, 0.0, 0.07991529261899366, 11693890000000, 
0.4314654440955259, 0.10629660333519197, 0.0820412246856975, 11708170000000, 
0.4360848799573107, 0.12169472287447469, 0.08447511914318699, 11708204000000, 
0.43532304204054917, 0.012858659816744241, 0.08685822440622572, 11708238000000, 
0.43573454448856097, -0.0011677848958324688, 0.08714283109909472, 11708272000000, 
0.43566724316328287, 0.0011473370757790018, 0.08711498864615953, 11708306000000, 
0.4289635099137552, -0.022570115249352558, 0.0866910198377066, 11708340000000, 
0.4301084538451345, -0.018529297727161165, 0.08631594712814483, 11708374000000, 
0.42967963163477396, 0.0023870724033958624, 0.08591677302624424, 11708408000000, 
0.4309175598070025, 0.0026970198728933545, 0.0860470430191274, 11708442000000, 
0.43291203669098177, 0.0107746835206927, 0.08623394854218389, 11708476000000, 
0.43730236868734984, 0.02128269626782438, 0.0867421310123556, 11708510000000, 
0.43854720701537175, 0.01878390108129994, 0.08725077415958023, 11708544000000, 
0.4359275693429412, -0.004582664481362168, 0.08745180966971085, 11708578000000, 
0.4288797369822568, -0.032224900110383224, 0.08689030088937132, 11708612000000, 
0.42269559725316697, -0.04410657363258075, 0.08583352690522433, 11708646000000, 
0.41543204074029383, -0.044825654139876527, 0.0844671583317145, 11708680000000, 
0.4068458012533034, -0.0528326533328786, 0.0829982292831176, 11708714000000, 
0.39972479690016893, -0.05235747946708299, 0.08146684259291774, 11708748000000, 
0.3897757296673072, -0.0569002386199872, 0.07975642185471864, 11708782000000, 
0.3816718211319903, -0.06017658589392886, 0.07807815651329776, 11708816000000, 
0.36972456883199367, -0.0668372027843785, 0.07607814130875275, 11708850000000, 
0.3604340668031436, -0.0707925144294889, 0.07412203045114184, 11708884000000, 
0.35455505996894443, -0.050565029543497474, 0.07231424637360545, 11708918000000, 
0.34589957963097895, -0.04844829057388219, 0.07072591376020447, 11708952000000, 
0.3395100263412245, -0.05015011209239972, 0.06933097772940985, 11708986000000, 
0.33028176756541106, -0.052059373551892975, 0.06771275823584097, 11709020000000, 
0.3201236334827313, -0.06462130952831065, 0.06599436182595779, 11709054000000, 
0.31486237104130543, -0.051397988413685404, 0.06435118480596319, 11709088000000, 
0.3072580282771362, -0.04288535068531699, 0.06281626885341153, 11709122000000, 
0.3004232189842204, -0.04813050685695005, 0.061502907886844135, 11709156000000, 
0.29515715037098955, -0.04033625968715556, 0.06018922650882308, 11709190000000, 
0.2892527896457411, -0.03723476446159779, 0.05898887726673007, 11709224000000, 
0.28463827434390776, -0.03506292009027264, 0.05793654762404256, 11709292000000, 
0.2795911313240014, -0.03220552773913236, 0.056898813020910016, 11709326000000, 
0.27332455382869236, -0.03771240171738466, 0.05583693063310677, 11709360000000, 
0.2686927033612565, -0.03632809320914957, 0.05477389256759668, 11709394000000, 
0.2623873794007787, -0.03645724809304548, 0.05362697577271517, 11709428000000, 
0.2576083943778307, -0.036947696611419424, 0.05257923180932439, 11709462000000, 
0.25259857729124713, -0.03262934036510531, 0.05150629007132377, 11709496000000, 
0.24797370450337564, -0.032115632914850124, 0.050545378411496894, 11709530000000, 
0.2450213571556521, -0.025257400451983436, 0.04970624259668499, 11709564000000, 
0.2402705644057379, -0.025677133658792428, 0.04888437507098438, 11709632000000, 
0.23598127756725829, -0.030133598627979374, 0.04808487994190989, 11709666000000, 
0.23234749403699562, -0.026410234562474304, 0.04723995573399945, 11709700000000, 
0.22762035885453935, -0.027869729042396447, 0.046396608697252886, 11709734000000, 
0.223701926435941, -0.028818558670182053, 0.0455779852884984, 11709768000000, 
0.22075782044439052, -0.022875128033829444, 0.044805340382324726, 11709802000000, 
0.21765127312607468, -0.020168844366221055, 0.04414073466709375, 11709836000000, 
0.21451303995128557, -0.020815934977016504, 0.043528142234783386, 11709870000000, 
0.21156744567939345, -0.02027942482227078, 0.04291545058378358, 11709904000000, 
0.20913240095370167, -0.01793546332527966, 0.04234752577229205, 11709938000000, 
0.2059393082863621, -0.01876045797677121, 0.041775943661297145, 11709972000000, 
0.2030590314479781, -0.020244565019078564, 0.041208716045869453, 11710006000000, 
0.20196887312526446, -0.013234783870325431, 0.040731147523973645, 11710040000000, 
-0.13511105173562754, -1.1272336106120189, 0.017994456855841, 11710074000000, 
-0.1419713999465202, -1.146467576905949, -0.005007571903792219, 11710108000000, 
-0.14725123585377142, -0.04046728039381294, -0.02828891250239461, 11710142000000, 
-0.15502042344350464, -0.043496744989948155, -0.029616203949586417, 11710176000000, 
-0.16290288081653337, -0.05217214987587315, -0.031011636007587294, 11710210000000, 
-0.1709704945242465, -0.05316690360247289, -0.0325929199189523, 11710244000000, 
-0.18175754174163128, -0.06284886975032637, -0.034375394472160745, 11710278000000, 
-0.18921902795690704, -0.0608284447755351, -0.03612980428151899, 11710312000000, 
-0.19789046571804159, -0.053776413254701026, -0.037924469027771995, 11710346000000, 
-0.20181040340659795, -0.04197125149896971, -0.039261326472103106, 11710380000000, 
-0.20704090209458048, -0.030501454588462984, -0.040449451414614666, 11710414000000, 
-0.21276613572003278, -0.03651910771144943, -0.04144116274808075, 11710448000000, 
-0.20563584902038023, 0.004683510247334155, -0.041696192455666234, 11710482000000, 
-0.1958888800122187, 0.056257519026046886, -0.04095272431684212, 11710516000000, 
-0.18689989849465016, 0.06245316841910024, -0.039228308501816606, 11710584000000, 
-0.178110757128076, 0.05926040961380904, -0.03739330237566299, 11710618000000, 
-0.17283608011539098, 0.04687939459753062, -0.03585644904920781, 11710652000000, 
-0.17007889834867473, 0.026772862598004227, -0.034735049039476114, 11710686000000, 
-0.16464002311308823, 0.027320190007675826, -0.033837000105143594, 11710720000000, 
-0.15932472918719442, 0.035847230538267695, -0.03293624337659716, 11710754000000, 
-0.15226943940559856, 0.041235279024965564, -0.03174894611372541, 11710788000000, 
-0.14681885191689759, 0.04168625756765613, -0.03056086803397937, 11710822000000, 
-0.14255391292730124, 0.03238508826099107, -0.029442813616653157, 11710856000000, 
-0.13684751280244534, 0.033237797048174166, -0.028414685176442942, 11710890000000, 
-0.13472036789074915, 0.026111816788506974, -0.027608119574699715, 11710924000000, 
-0.1333150283819422, 0.011774948068343782, -0.026992193938342447, 11710958000000, 
-0.13155721344058557, 0.010543848167211914, -0.02663950731421846, 11710992000000, 
-0.12852298224645553, 0.015973487118288904, -0.02622634827126555, 11711026000000, 
-0.12708357428943273, 0.014912130503842805, -0.02581091799843159, 11711060000000, 
-0.1240980458372527, 0.014749788030676095, -0.0253136401582094, 11711094000000, 
-0.12111203427012596, 0.01990513339768925, -0.024819576959787426, 11711128000000, 
-0.11854227677612794, 0.0185192302037492, -0.024250157125567107, 11711162000000, 
-0.11578810574661036, 0.017746428411718657, -0.023696161119524283, 11711196000000, 
-0.11373371647558317, 0.016028534335149242, -0.023204273266554765, 11711230000000, 
-0.11082768678640242, 0.016534729867359783, -0.02268996726723973, 11711264000000, 
-0.10875476897254499, 0.016596491676793928, -0.022221078148968704, 11711298000000, 
-0.10733269275617241, 0.011649980100766713, -0.02179434323434132, 11711332000000, 
-0.10458247903200624, 0.01390763313512918, -0.021377996050714908, 11711366000000, 
-0.10180931603832644, 0.018411255726153247, -0.02091496585510034, 11711400000000, 
-0.09996849091115756, 0.015379960402828926, -0.02042401906543268, 11711434000000, 
-0.09691774746426773, 0.016305228580195674, -0.019913036960916782, 11711468000000, 
-0.09559005308355895, 0.014594792758662045, -0.01949841943059895, 11711502000000, 
-0.09285494900034275, 0.013542661546416626, -0.019024183303211296, 11711536000000, 
-0.09182311975239399, 0.012556444437216522, -0.018684541455753045, 11711570000000, 
-0.08946086269349207, 0.011313621022835582, -0.01827592876308192, 11711604000000, 
-0.08769679389692397, 0.013754419518233382, -0.017932051756187336, 11711638000000, 
-0.08513965030447235, 0.014404041296732414, -0.017486487126325893, 11711672000000, 
-0.08319262707912323, 0.015013889392669158, -0.017068604752034637, 11711706000000, 
-0.0823611672445419, 0.009261610199768159, -0.0167128963085425, 11711740000000, 
-0.08127924468080883, 0.006377941327714669, -0.016455535933631596, 11711774000000, 
-0.07921368173518095, 0.010491618364536492, -0.016190272910702113, 11711808000000, 
-0.07747239859168387, 0.012689486963749866, -0.015864355000511577, 11711842000000, 
-0.07558905290165097, 0.012082096111766619, -0.015485008881901052, 11711876000000, 
-0.07449572001600568, 0.009922261918927274, -0.0151704781006227, 11711910000000, 
-0.07370612547659094, 0.006276424750200071, -0.014919393226283172, 11711944000000, 
-0.0722176378976287, 0.007593607061256631, -0.014694632226015022, 11711978000000, 
-0.07017352759601003, 0.01177532626860304, -0.014406486064681978, 11712012000000, 
-0.06880814908189015, 0.011364962719128494, -0.014079954305035258, 11712046000000, 
-0.06795564355719108, 0.007392946796063171, -0.013795821349006084, 11712080000000, 
-0.06602770234342392, 0.009268155794887415, -0.013519432998833677, 11712114000000, 
-0.06468450616078503, 0.010903791321353514, -0.013244523470760002, 11712148000000, 
-0.06402376386148356, 0.006679794939801198, -0.012982398157712833, 11712182000000, 
-0.06251779629956555, 0.007222366204064912, -0.01274840442145561, 11712216000000, 
-0.061014369431549476, 0.010031314766446956, -0.012503728639506573, 11712250000000, 
-0.05943000756808603, 0.010292629104931747, -0.012197478219946737, 11712284000000, 
-0.05806264703170294, 0.009839074666155115, -0.011900468268755897, 11712318000000, 
-0.05741663464668045, 0.0067112430713519204, -0.011660619283097962, 11712352000000, 
-0.05702369725542322, 0.003463165920932395, -0.011500198595587107, 11712386000000, 
-0.056909000419616884, 0.0016921140902118974, -0.011423288821448037, 11712420000000, 
-0.05607773675919425, 0.0031532016540965677, -0.01133402896228229, 11712454000000, 
-0.05586593810356488, 0.0034768743868400045, -0.011256845018825068, 11712488000000, 
-0.05555419115648297, 0.0017451520090376131, -0.011166524401282806, 11712522000000, 
-0.05555419115648297, 0.0010391564902730484, -0.011131621361102054, 11712522000000, 
-0.05497406381453729, 0.0019337578064855994, -0.01107216307516688, 11712556000000, 
-0.05435446895835305, 0.003999073993766385, -0.010992181595291554, 11712590000000, 
-0.05386051944035275, 0.0037118145806151284, -0.010879270147549538, 11712624000000, 
-0.05386051944035275, 0.0016464983933343429, -0.010805033855937236, 11712624000000, 
-0.05296297224345592, 0.0029918239896561025, -0.010712267408277429, 11712658000000, 
-0.05208656334342132, 0.005913186989771428, -0.010594003668482, 11712692000000, 
-0.05208656334342132, 0.0029213630001153255, -0.01047573992868657, 11712692000000, 
-0.05130417476520677, 0.0026079619273818486, -0.010365153430136628, 11712726000000, 
-0.05021308817154724, 0.006244917239580279, -0.010240255085345021, 11712760000000, 
-0.05021308817154724, 0.003636955312198431, -0.010115356740553416, 11712760000000, 
-0.049578612078368334, 0.0021149203105963466, -0.01000031922809752, 11712794000000, 
-0.049578612078368334, 0.0021149203105963466, -0.009958020821885594, 11712794000000, 
-0.04859231870317782, 0.003287644583968389, -0.0098499695239943, 11712828000000, 
-0.04804372871511653, 0.005116277877506015, -0.009747643966444178, 11712862000000, 
-0.04804372871511653, 0.0018286332935376255, -0.009645318408894057, 11712862000000, 
-0.047580155398252444, 0.0015452443895469514, -0.009577840855232366, 11712896000000, 
-0.047580155398252444, 0.0015452443895469514, -0.009546935967441428, 11712896000000, 
-0.0467917121799406, 0.002628144061039469, -0.009463468198429699, 11712930000000, 
-0.0467917121799406, 0.002628144061039469, -0.009410905317208909, 11712930000000, 
-0.04620899193754546, 0.0019424008079838018, -0.009319494419828444, 11712964000000, 
-0.045519555726151406, 0.004240521512630657, -0.009234683989575831, 11712998000000, 
-0.04508615988631259, 0.0037427735041095644, -0.009120980503333964, 11713032000000, 
-0.04460949229007749, 0.0030335447869130525, -0.009014347193502767, 11713066000000, 
-0.0442766291556107, 0.002698435769006302, -0.008931485422133385, 11713100000000, 
-0.04383675568833745, 0.002575788672466809, -0.008848191808935042, 11713134000000, 
-0.043301621912673394, 0.0032500241431243637, -0.008761000450441436, 11713168000000, 
-0.042710406290068725, 0.0037544979942290744, -0.008656585592738637, 11713202000000, 
-0.042710406290068725, 0.001970718742015561, -0.008581495632854055, 11713202000000, 
-0.042313722533748876, 0.0013222791877328295, -0.008515635674259088, 11713236000000, 
-0.04174387261597978, 0.00322177891362981, -0.008451200095986492, 11713270000000, 
-0.04138239910800756, 0.003104411419137717, -0.008362666283849081, 11713304000000, 
-0.04116502318624482, 0.0019294980991165407, -0.008286086327348811, 11713338000000, 
-0.30119755817025506, -0.8660505302074917, -0.02558299869763383, 11713372000000, 
-0.3024603056376822, -0.8709842748381247, -0.04298819246627881, 11713406000000, 
-0.3024603056376822, -0.0042091582247572035, -0.0604078779630413, 11713406000000, 
-0.29629647197162434, 0.020546112220192942, -0.06008113888313259, 11713440000000, 
-0.2830242259958915, 0.06478693213930242, -0.058785400240346536, 11713474000000, 
-0.2708303595853172, 0.08488704128769047, -0.05667673717018887, 11713508000000, 
-0.26883850865633363, 0.04728572446519289, -0.05484620628250282, 11713542000000, 
-0.264453746382209, 0.021255377343694093, -0.05360817430825732, 11713576000000, 
-0.25823071677882226, 0.03535930625837125, -0.052768198121157656, 11713610000000, 
-0.25549015981944034, 0.029878621875895444, -0.051878308198698105, 11713644000000, 
-0.25060754669263385, 0.02541056695396134, -0.0509552282193931, 11713678000000, 
-0.24409001628686156, 0.038000478441929296, -0.050012514853262385, 11713712000000, 
-0.24104210950306282, 0.03188479063190345, -0.04904931149883721, 11713746000000, 
-0.23830089681197109, 0.019297064916301565, -0.0482288681734597, 11713780000000, 
-0.23327682709960307, 0.025884274678199166, -0.04750798889430913, 11713814000000, 
-0.22810623060948565, 0.033982220674951456, -0.046645596968070656, 11713848000000, 
-0.22528230269004368, 0.026648414698531298, -0.045777690693275495, 11713882000000, 
-0.22528230269004368, 0.009413093064806569, -0.04524472239930487, 11713882000000, 
-0.22086987268358804, 0.014708100021518788, -0.04476229853757836, 11713916000000, 
-0.215493915717353, 0.03262795657563563, -0.04410973940606565, 11713950000000, 
-0.21268245895054427, 0.027291379110145897, -0.04326974982343235, 11713984000000, 
-0.20701186938525495, 0.028273487773660122, -0.042345882936876814, 11714018000000, 
-0.20431071647640842, 0.027905808247119523, -0.04160033632081384, 11714052000000, 
-0.2013348859517956, 0.01892327811153116, -0.040843831454230595, 11714086000000, 
-0.1970742287673577, 0.024121625696835736, -0.04018132207970412, 11714120000000, 
-0.1936502152838866, 0.025615568893030034, -0.03947062200020266, 11714154000000, 
-0.19172338484535523, 0.017836146406674896, -0.038829855259773303, 11714188000000, 
-0.18951361875368633, 0.01378865510066755, -0.03832581459219521, 11714222000000, 
-0.18613542308409237, 0.018626539204209536, -0.03782482844554226, 11714256000000, 
-0.18222114079067087, 0.024308259876718214, -0.0371913455085633, 11714290000000, 
-0.17888352980111044, 0.02417297760993975, -0.03648267291172491, 11714324000000, 
-0.17470994031877218, 0.02503733490632894, -0.03572097406070356, 11714358000000, 
-0.1706735548097047, 0.027366583304685815, -0.03495113499530582, 11714392000000, 
-0.1678154560589613, 0.022981614199369577, -0.03421326341249588, 11714426000000, 
-0.1657416596996213, 0.016439650366944687, -0.03361537803788582, 11714460000000, 
-0.16239230436267826, 0.018077172320943486, -0.03306329467475072, 11714494000000, 
-0.1601138907402495, 0.018759229864572607, -0.0325498569868366, 11714528000000, 
-0.1584764500730551, 0.013052847632077183, -0.03206550967839886, 11714562000000, 
-0.1562049905998255, 0.013029667134746662, -0.03165302209420867, 11714596000000, 
-0.15377871556599798, 0.015659115023523757, -0.031230677082591907, 11714630000000, 
-0.15208466665689846, 0.01373441314309017, -0.030804558188181463, 11714664000000, 
-0.1506266877275544, 0.010506759461478646, -0.030432671330030053, 11714698000000, 
-0.14860108460675026, 0.01161194016716068, -0.03008749593274687, 11714732000000, 
-0.14626569869269757, 0.014536630116189405, -0.02969956473513348, 11714766000000, 
-0.14431689045891227, 0.014280647159459944, -0.029278911583890673, 11714800000000, 
-0.1410705604739757, 0.01731712739573954, -0.028776876641705702, 11714834000000, 
-0.14000867286323437, 0.01436072531892633, -0.028359741586408155, 11714868000000, 
-0.14000867286323437, 0.0035396253691377666, -0.02807252708002963, 11714868000000, 
-0.13587040324147548, 0.013794232072529647, -0.02772584993119628, 11714902000000, 
-0.13242991432659235, 0.025262528455473426, -0.027220599362086813, 11714936000000, 
-0.13030880378825094, 0.018538664844081804, -0.026573941423754584, 11714970000000, 
-0.12852304299990314, 0.013022904422297366, -0.02608411740764976, 11715004000000, 
-0.12650847115727082, 0.012667775436600396, -0.025689354529694994, 11715038000000, 
-0.1244565478331996, 0.01355498388901181, -0.02529920413269157, 11715072000000, 
-0.12232604703435612, 0.013941413743048988, -0.024886071068321768, 11715106000000, 
-0.12066562144199322, 0.012636421304021242, -0.02449654775396993, 11715140000000, 
-0.11917579492259822, 0.010500840372526335, -0.024144497559929836, 11715174000000, 
-0.1177164171603069, 0.009830680938954414, -0.023837188901659888, 11715208000000, 
-0.11624346269668395, 0.009774440753047564, -0.02354237831863927, 11715242000000, 
-0.11490746308251287, 0.009363180259313411, -0.02325782286263358, 11715276000000, 
-0.11379544421888843, 0.008160061592651738, -0.022996424666539016, 11715310000000, 
-0.11259762395185646, 0.007699463768854701, -0.022753368750217183, 11715344000000, 
-0.11172398802463279, 0.0069048539808521285, -0.022541137079691846, 11715378000000, 
-0.11087381296938537, 0.005746036608236989, -0.022346361663058308, 11715412000000, 
-0.10986828543883576, 0.006185675285990122, -0.02216440576219026, 11715446000000, 
-0.10922132157540698, 0.005508304646594612, -0.02199756133224187, 11715480000000, 
-0.10922132157540698, 0.0021565462114292444, -0.021887395239309982, 11715480000000, 
-0.10840720332268106, 0.00271372750908642, -0.021789989764899667, 11715514000000, 
-0.10840720332268106, 0.00271372750908642, -0.02173571521471794, 11715514000000, 
-0.1069497556043455, 0.004858159061118528, -0.02158427748331384, 11715548000000, 
-0.10591617119532959, 0.00830344042450489, -0.021418208674823743, 11715582000000, 
-0.10591617119532959, 0.003445281363386362, -0.021252139866333643, 11715582000000, 
-0.10485047093646971, 0.0035523341961996024, -0.021112187555141926, 11715616000000, 
-0.10353387475444142, 0.007940988136293884, -0.020953367792416046, 11715650000000, 
-0.10271324411399263, 0.007124089408256928, -0.020739839320326917, 11715684000000, 
-0.10150277789976991, 0.0067703228489050344, -0.02051665978454693, 11715718000000, 
-0.10086420180437239, 0.006163474365400805, -0.020338681587875662, 11715752000000, 
-0.1002465040791618, 0.004187579402027038, -0.020174232252220273, 11715786000000, 
-0.09940916316230997, 0.004850128806874743, -0.02003465793638961, 11715820000000, 
-0.09867328802797992, 0.005244053503939601, -0.019888597017963444, 11715854000000, 
-0.09800477178312583, 0.004681304597280445, -0.019739148198227714, 11715888000000, 
-0.09722311719644594, 0.004833902771779937, -0.019593411800503446, 11715922000000, 
-0.09658930018683609, 0.004718238654299138, -0.019454479277760523, 11715956000000, 
-0.09595026922715055, 0.004242826564317959, -0.019317512440695506, 11715990000000, 
-0.09562234681554171, 0.003223177904314589, -0.01921079441530189, 11716024000000, 
-0.09545105910489093, 0.0016640337408653967, -0.019134911676505547, 11716058000000, 
-0.09521333088733064, 0.0013633864273702538, -0.019085782453850886, 11716092000000, 
-0.09491168375277148, 0.0017979178403981777, -0.01903840491633287, 11716126000000, 
-0.09491168375277148, 0.0010054904485305254, -0.019002446559524905, 11716126000000, 
-0.09461169592257068, 0.0009999594340026619, -0.018962337561874244, 11716160000000, 
-0.26831852234771425, -0.5780227953164759, -0.03052279346820376, 11716194000000, 
-0.2687461764373773, -0.5804482683826887, -0.042111759647177484, 11716228000000, 
-0.2687461764373773, -0.001425513632210181, -0.05372072501483126, 11716228000000, 
-0.26060842441277376, 0.0271258400820118, -0.053206718485835226, 11716262000000, 
-0.2455973174341839, 0.07716286334397804, -0.05166346121895566, 11716296000000, 
-0.23977644808351162, 0.06943992109754049, -0.049732145995364616, 11716330000000, 
-0.23977077832612936, 0.01942179702684843, -0.04834296958958832, 11716364000000, 
-0.23631088082022478, 0.011551890877622798, -0.047723873815324384, 11716398000000, 
-0.23282958800973574, 0.0231373010546454, -0.04726074981040599, 11716432000000, 
-0.23124026980102164, 0.01690203673067714, -0.04669204924206548, 11716466000000, 
-0.22911339587306045, 0.012387307122250965, -0.04621221691225452, 11716500000000, 
-0.22616420453725894, 0.016920217545875655, -0.045767858014089405, 11716534000000, 
-0.22347933519279772, 0.01878020226754244, -0.04525046237354114, 11716568000000, 
-0.22048579447079408, 0.018928033554882855, -0.04467528894672338, 11716602000000, 
-0.21658721703764883, 0.022973727183829656, -0.04403682311341604, 11716636000000, 
-0.21482774947593253, 0.01886014998287185, -0.04346005073229169, 11716670000000, 
-0.21482774947593253, 0.0058648918723876635, -0.04308284773263426, 11716670000000, 
-0.21174990575942232, 0.01025947905503403, -0.042760360314085824, 11716704000000, 
-0.20953465360006795, 0.017643652919548575, -0.042407487255694855, 11716738000000, 
-0.20657841943921262, 0.017238287734032316, -0.041857531919913524, 11716772000000, 
-0.2035434993399674, 0.01997051420033517, -0.041310438158616535, 11716806000000, 
-0.20040721789777738, 0.02057067180478415, -0.04070194244513049, 11716840000000, 
-0.1970508730266749, 0.021642087710975016, -0.04006677268429464, 11716874000000, 
-0.1934705695874568, 0.023122161034401973, -0.03939524403412727, 11716908000000, 
-0.1911901557871043, 0.019535724131902004, -0.03878077322674907, 11716942000000, 
-0.1888232363356912, 0.015491110839218614, -0.03823226411401682, 11716976000000, 
-0.1878097818137796, 0.011267913244415636, -0.03785487826243834, 11717010000000, 
-0.18489840896299503, 0.013082757908987238, -0.03743542847416439, 11717044000000, 
-0.1831864242825456, 0.015411191770779986, -0.03705964100395468, 11717078000000, 
-0.18089059249462514, 0.013359388227899652, -0.03659836171601105, 11717112000000, 
-0.17828642148195595, 0.016333342668632216, -0.036157562550608445, 11717146000000, 
-0.17629293527193513, 0.015325524075633368, -0.035697996616567744, 11717180000000, 
-0.1736795814931864, 0.015356133295898466, -0.035217262549805166, 11717214000000, 
-0.17256873606792622, 0.012413997346696348, -0.03483608352220318, 11717248000000, 
-0.17031506257516638, 0.011215063060066774, -0.034437558675751934, 11717282000000, 
-0.16871545486055162, 0.01284427069124868, -0.03410661690024295, 11717316000000, 
-0.16688073106577228, 0.011447771697980317, -0.03372741656676602, 11717350000000, 
-0.16550024174672195, 0.010717377046098875, -0.03340642851153639, 11717384000000, 
-0.16426218742799747, 0.008728478792582687, -0.03310954401603278, 11717418000000, 
-0.1630368800054307, 0.008211205804304159, -0.032853287278676674, 11717452000000, 
-0.16219199135020546, 0.006900653592640064, -0.03263273725224224, 11717486000000, 
-0.16090665837861007, 0.007100738756068796, -0.03240903531561642, 11717520000000, 
-0.16025243088847763, 0.006465201539092765, -0.03222340537448621, 11717554000000, 
-0.15951814380694262, 0.004628381905558143, -0.03204514887160202, 11717588000000, 
-0.15910787484648337, 0.003815186806647534, -0.03192522996946024, 11717622000000, 
-0.15857093129176336, 0.003157375050597544, -0.03181312999634596, 11717656000000, 
-0.15802922783713802, 0.003595490031151153, -0.03171386893169231, 11717690000000, 
-0.15755962459283834, 0.003371022329750062, -0.03161065224811598, 11717724000000, 
-0.15689335895773704, 0.003786229598003269, -0.031498814092514225, 11717758000000, 
-0.15642733377576024, 0.003774302723593692, -0.03139202115508904, 11717792000000, 
-0.15603818004391723, 0.002850596379399365, -0.0312905915184943, 11717826000000, 
-0.15639753395439104, 9.933273789730634e-05, -0.031257536518271234, 11717860000000, 
-0.15682006621760225, -0.002606287245616734, -0.0312837186810607, 11717894000000, 
-0.15769084850806614, -0.004311048512250319, -0.03139389657867063, 11717928000000, 
-0.15910884466567898, -0.007629261493589112, -0.03157465062608982, 11717962000000, 
-0.16021165925564196, -0.008402702491919397, -0.031800756828625806, 11717996000000, 
-0.16125634373463305, -0.0071583302298468725, -0.03203845651039693, 11718030000000, 
-0.16125634373463305, -0.0034822815966369567, -0.03218162311499387, 11718030000000, 
-0.16315640715191648, -0.0063335447242781244, -0.03237793964141217, 11718098000000, 
-0.1652843426758137, -0.013426663137268887, -0.03264647290415755, 11718132000000, 
-0.5249622555101503, -1.206019494527446, -0.05689353368919203, 11718166000000, 
-0.5249622555101503, -1.1989263761144553, -0.08101392357974095, 11718166000000, 
-0.5250181093411319, -0.0001861794366053715, -0.10499617469076217, 11718234000000, 
-0.525159721915883, -0.0006582213524423489, -0.10500933911781102, 11718268000000, 
-0.525159721915883, -0.00047204191583697747, -0.10502250354485985, 11718268000000, 
-0.525456945216928, -0.0009907443368165996, -0.10505175926991293, 11718336000000, 
-0.5257348987049264, -0.001917255963477989, -0.1050901043891825, 11718370000000, 
-0.5259452429890912, -0.0016276592405439771, -0.1051424724607297, 11718404000000, 
-0.5260311221433644, -0.00098741146146016, -0.10518075092249213, 11718438000000, 
-0.5146260446481761, 0.03773066113638368, -0.1044401606520421, 11718472000000, 
-0.5146260446481761, 0.03801692498396125, -0.10368554742931443, 11718472000000, 
-0.48999598571180636, 0.08210019645456572, -0.1012832050005439, 11718540000000, 
-0.48249523101010716, 0.10710271212689637, -0.09914115075800597, 11718574000000, 
-0.4769912300746295, 0.043349185457256155, -0.09663216311976953, 11718608000000, 
-0.47047856569649316, 0.04005555104538002, -0.09533100178541531, 11718676000000, 
-0.46531498936054216, 0.038920802380291164, -0.09418565234211099, 11718710000000, 
-0.45203165498371956, 0.061489702375912, -0.09252168066938365, 11718744000000, 
-0.44122146876689117, 0.08031173531217, -0.09057120754074352, 11718778000000, 
-0.427089655572928, 0.08313999803597187, -0.08802285195490259, 11718812000000, 
-0.427089655572928, 0.04710604397987724, -0.08636005199418315, 11718812000000, 
-0.41424997965825416, 0.04279891971557944, -0.084561952720274, 11718914000000, 
-0.40415498510078285, 0.07644890157381716, -0.08303297468879767, 11718948000000, 
-0.39786242705925234, 0.05462517533000607, -0.08108449278788596, 11718982000000, 
-0.3910618128087602, 0.043643907640075565, -0.07953861499791968, 11719016000000, 
-0.3845400041996119, 0.04440807619880157, -0.0782309496045083, 11719050000000, 
-0.3770122821829087, 0.0468317687528382, -0.07684093994608539, 11719084000000, 
-0.36354715703271845, 0.06997615722297808, -0.07500662956101593, 11719118000000, 
-0.35837048426231033, 0.062139326401994634, -0.07326199489852916, 11719186000000, 
-0.3513584224758093, 0.04062911518969722, -0.07155173758472254, 11719220000000, 
-0.3438650087766437, 0.048351584952222026, -0.07023959436765088, 11719254000000, 
-0.3374820856817453, 0.04625445598021324, -0.06884703446227988, 11719288000000, 
-0.33059193963739486, 0.0442435637974962, -0.06746260227305226, 11719356000000, 
-0.3216895954131418, 0.0526416342286784, -0.06598424138215213, 11719390000000, 
-0.3145290592746379, 0.053542934542523124, -0.06445403962167831, 11719424000000, 
-0.30529429398224495, 0.054651004769656154, -0.06276752991133498, 11719458000000, 
-0.2995893867200443, 0.049798908515312025, -0.061294182665128476, 11719492000000, 
-0.2940411352130059, 0.03751052923079682, -0.059928321061019675, 11719526000000, 
-0.2885604992809485, 0.036762958130319344, -0.05881273474759991, 11719560000000, 
-0.2819960667362793, 0.040150228255755316, -0.05763984674868225, 11719628000000, 
-0.27642185399026475, 0.04046215096894586, -0.0564652280004995, 11719662000000, 
-0.2721924357826102, 0.03267876984556365, -0.05537402376727695, 11719696000000, 
-0.2665599857530925, 0.03287289412390759, -0.05434495170173116, 11719730000000, 
-0.263143742876365, 0.03016230968748405, -0.05345974429413784, 11719764000000, 
-0.25951293517058094, 0.023490168608371793, -0.05261444425333589, 11719798000000, 
-0.2552619444746764, 0.02627266133896189, -0.05186124150144149, 11719832000000, 
-0.2506669640208765, 0.029486570499014746, -0.051029456244408924, 11719866000000, 
-0.24686595731789263, 0.027986623855946007, -0.050186324387563035, 11719934000000, 
-0.2428641648262686, 0.02600933064869304, -0.04935980574433585, 11719968000000, 
-0.2406075779117598, 0.020861264687109433, -0.048689180003728065, 11720002000000, 
-0.2373895933350194, 0.018248571637497307, -0.048057422404869855, 11720036000000, 
-0.23479328152698486, 0.019380987949249768, -0.04751936351825094, 11720070000000, 
-0.2313512581782322, 0.020127783855957333, -0.04690227553601577, 11720104000000, 
-0.22968442791266175, 0.017029512047743722, -0.04638859784119192, 11720172000000, 
-0.2275676325973981, 0.012612085269447052, -0.045906887912552805, 11720206000000, 
-0.22582732483511037, 0.012857010258504609, -0.045538625689678015, 11720240000000, 
-0.2233123856309438, 0.014184156554847652, -0.04511382287089682, 11720274000000, 
-0.22170463550534758, 0.013742297765875952, -0.04472295639809345, 11720308000000, 
0.36900742192941394, 1.9743993585345256, -0.00506730661379183, 11720342000000, 
0.38075955041151177, 2.0082139530561975, 0.035204155789038544, 11720376000000, 
0.39170205741604347, 0.07564878495543177, 0.07609793531713127, 11720410000000, 
0.40354277441988584, 0.07594408002791357, 0.07840029214982941, 11720444000000, 
0.41637673992490387, 0.08224894169620134, 0.0807747714507222, 11720478000000, 
0.42591257876270006, 0.07456601447604738, 0.08305547287383265, 11720512000000, 
0.4347896756473646, 0.06137645240820241, 0.08513859962233124, 11720546000000, 
0.44841146199700743, 0.07499627744769126, 0.08727424776047148, 11720580000000, 
0.46478900107765386, 0.09999775143429757, 0.08986600924813506, 11720614000000, 
0.46905366446362384, 0.06880734155538804, 0.092150275169219, 11720682000000, 
0.47160892305398083, 0.022733073254423235, 0.09369677257301723, 11720716000000, 
0.46974145422584224, 0.002292632540727979, 0.0940269361162298, 11720750000000, 
0.45191373860768413, -0.065650614820989, 0.09288427439250048, 11720784000000, 
0.42326416713265624, -0.15492429031061997, 0.08966129066441217, 11720818000000, 
0.41231854615243035, -0.13198397485084593, 0.08583309679285138, 11720852000000, 
0.4019228820785483, -0.07113761684702642, 0.08250037302424233, 11720886000000, 
0.3955027575353167, -0.05605262872371212, 0.08064961238441969, 11720920000000, 
0.3876146036841073, -0.04769426131480348, 0.07900268288653149, 11720954000000, 
0.37908054264132707, -0.05474071631329883, 0.0774798602573834, 11720988000000, 
0.3691024918653052, -0.061707039396006934, 0.0757198425460493, 11721022000000, 
0.3524604824248372, -0.08873353405496627, 0.07337623446209796, 11721056000000, 
0.34701542633995297, -0.07362355175117408, 0.07123856004200635, 11721090000000, 
0.3358139555264441, -0.05548842299464359, 0.06901932428608229, 11721124000000, 
0.3307034656565184, -0.05437320227811515, 0.0675688565015277, 11721158000000, 
0.3251056360926139, -0.03569439811276739, 0.06610820381837176, 11721192000000, 
0.32224712218101326, -0.028187811585017226, 0.0652037482620097, 11721226000000, 
0.31341009402024556, -0.03898514024122779, 0.06405085681959151, 11721260000000, 
0.3104038953409334, -0.03947742280026626, 0.06307074076947948, 11721294000000, 
0.304066798772582, -0.031144317492211766, 0.0618587192089174, 11721328000000, 
0.29675915130532315, -0.04548248011870074, 0.060748656361255905, 11721362000000, 
0.2936992857505043, -0.03455837674025908, 0.05963501572189397, 11721396000000, 
0.28980639520699203, -0.02317585366110375, 0.05868432215085463, 11721430000000, 
0.2876108850712593, -0.020294668930816624, 0.058074437735250374, 11721464000000, 
0.2822993709111348, -0.02502341431952419, 0.05731444341262574, 11721498000000, 
0.2770088897302263, -0.03533998447011003, 0.056461276380841356, 11721532000000, 
0.27206888937546614, -0.03410160511889545, 0.05542514333445515, 11721566000000, 
0.2691530136692264, -0.02618625353666637, 0.054548719518327925, 11721600000000, 
0.2660935636754491, -0.019917752333390066, 0.05382103111467611, 11721634000000, 
0.26063884566509543, -0.028380560013769873, 0.05305902820065139, 11721668000000, 
0.2543752729118882, -0.03906096921186967, 0.052073845483495515, 11721702000000, 
0.24833957767977033, -0.04099755995108367, 0.05089024641711693, 11721736000000, 
0.24493709880405756, -0.03146058035943552, 0.04984346329304774, 11721770000000, 
0.24049457115039097, -0.02615002176459787, 0.04891808317561459, 11721804000000, 
0.23822499772043848, -0.022373670278730273, 0.048243777844992466, 11721838000000, 
0.23467931908444628, -0.019384173553148958, 0.04755992586368505, 11721872000000, 
0.23142831807060427, -0.022655598832780715, 0.04695550899169927, 11721906000000, 
0.22572455040564643, -0.02984922892933284, 0.0461221458373798, 11721940000000, 
0.22351569709976138, -0.026375403236142958, 0.04537790437173414, 11721974000000, 
0.22055683436451323, -0.017225720137110656, 0.04465313879132807, 11722008000000, 
0.21728913433521235, -0.020755209215163422, 0.0440907777199658, 11722042000000, 
0.21397352038849338, -0.021944379920066186, 0.04345463260588126, 11722076000000, 
0.21046244634137867, -0.022755626646112265, 0.04278167340433896, 11722110000000, 
0.20848394942229875, -0.018298569887315413, 0.042194661076811385, 11722144000000, 
0.20561499342328826, -0.016158176393634704, 0.04163742594579771, 11722178000000, 
0.20335013268472135, -0.01711272245859134, 0.041163271702020554, 11722212000000, 
0.20018156029408551, -0.018111443764009156, 0.040609779093473006, 11722246000000, 
0.19739615658516652, -0.01984658699851612, 0.040061856637598224, 11722280000000, 
0.19583492002013259, -0.014488800913176428, 0.03956084245995897, 11722314000000, 
0.19386248033900833, -0.011778920820527302, 0.03913957046295383, 11722348000000, 
0.19386248033900833, -0.006574798937080868, 0.03890399204654328, 11722348000000, 
0.1912894682877777, -0.008576706837435388, 0.03860096193105296, 11722416000000, 
0.18930347546087356, -0.015196682927115882, 0.038297028272510636, 11722450000000, 
0.18754985093473264, -0.012465391176816887, 0.03787618631222559, 11722484000000, 
0.18605827794885288, -0.010817325040068937, 0.037527440289630606, 11722518000000, 
0.18474122663901937, -0.009362080985710897, 0.03722329036817366, 11722552000000, 
0.18314455601810264, -0.009712406435834117, 0.03692960404039833, 11722586000000, 
0.18216655782470914, -0.008582229381034109, 0.03667015603212208, 11722620000000, 
0.18140285500969666, -0.005805670028019942, 0.036447597923500566, 11722654000000, 
0.18040291707629486, -0.005878802494714286, 0.03626482199404671, 11722688000000, 
0.17931742770404613, -0.006951424352168445, 0.036074879986002506, 11722756000000, 
0.11066064332893699, -0.23247424582452622, 0.03135873254061853, 11722790000000, 
0.10431636838223568, -0.2500035310727015, 0.026286295961014585, 11722824000000, 
0.09800135971549251, -0.042197612044814946, 0.020865224761777677, 11722858000000, 
0.09199510033378644, -0.041070893494830805, 0.019620855228767643, 11722892000000, 
0.09199510033378644, -0.0200208646056869, 0.018799437358871025, 11722892000000, 
0.08623938106665685, -0.019185730890431962, 0.018015305448948648, 11722960000000, 
0.08197720600232516, -0.03339298110487091, 0.01734744582685123, 11723028000000, 
0.07779428414001632, -0.02815032308880176, 0.016400724747266556, 11723062000000, 
0.07174182552546782, -0.03411793492285783, 0.01543422104452062, 11723096000000, 
0.06661801439618698, -0.03725423247943116, 0.01441027493744474, 11723130000000, 
0.061934235290737494, -0.03269196744910108, 0.01335293834749282, 11723164000000, 
0.05678553055586777, -0.032774946134397354, 0.012355852016186148, 11723198000000, 
0.057641065860088325, -0.014310564768830561, 0.01175738878044624, 11723232000000, 
0.05657420620757625, -0.0007044144943050649, 0.011400053508235489, 11723266000000, 
0.05407818940229436, -0.011876254859313207, 0.011219564097997263, 11723300000000, 
0.051620251431263586, -0.01651318258770888, 0.010818176469408946, 11723334000000, 
0.05121936689096529, -0.009529408371096912, 0.010461187181634883, 11723368000000, 
0.049876647443341415, -0.005812013293073903, 0.010181084384371352, 11723402000000, 
0.047736640129536934, -0.011609089204761188, 0.009922176964256242, 11723436000000, 
0.04634684390409083, -0.011766011797501955, 0.009597342098464611, 11723504000000, 
0.0456813750701075, -0.006850883531431447, 0.009317657273582351, 11723538000000, 
0.045229245705207255, -0.0037253273296119125, 0.009150497645293706, 11723572000000, 
0.04464508313970983, -0.003454306434658901, 0.009037046927668305, 11723606000000, 
0.04361469730974443, -0.005381827984876075, 0.008899268410310768, 11723640000000, 
0.04264269386010788, -0.006674630932006487, 0.008726831620637476, 11723708000000, 
0.041954391798074475, -0.005534351705566524, 0.008547452197861787, 11723742000000, 
0.041246270541946295, -0.004654744393871961, 0.008389557080008577, 11723776000000, 
0.04039605595750073, -0.005194452801912479, 0.008239781219834767, 11723810000000, 
0.03947143767975847, -0.005916109540626084, 0.008074250945280366, 11723844000000, 
0.0383855697896438, -0.0067016205595230955, 0.007883537561793533, 11723878000000, 
0.03761498275472608, -0.006188183083441305, 0.007698132681608557, 11723912000000, 
0.037011421398928324, -0.0045804946357182645, 0.00753413159621988, 11723946000000, 
0.03629660159305903, -0.004394603872223494, 0.007394867049780895, 11723980000000, 
0.035726321511130976, -0.004283666292657824, 0.007268956300207889, 11724014000000, 
0.03513174540103181, -0.0038828539734240644, 0.007143644567014788, 11724082000000, 
0.0344149742929436, -0.004371157393957918, 0.007018202747007093, 11724116000000, 
0.03364266755162815, -0.004963592831345546, 0.0068792924830402375, 11724150000000, 
0.03305955786035186, -0.004518054775305795, 0.006741146646994907, 11724184000000, 
0.03248100755955008, -0.0038721999735935597, 0.006612215531435339, 11724218000000, 
0.03168519885658583, -0.004581196679220116, 0.0064817176184325176, 11724286000000, 
0.031291755188817216, -0.0039641745691095425, 0.006363864106996874, 11724320000000, 
0.030547515782823442, -0.003792276912541285, 0.006234964655215099, 11724354000000, 
0.030167072550993712, -0.0037489421260783473, 0.006133756234842291, 11724388000000, 
0.02974685519075715, -0.0026688686402209782, 0.006030762901638287, 11724422000000, 
0.029470192597593314, -0.002322933178001326, 0.005958941355956278, 11724456000000, 
0.028654523208670124, -0.003641106606956749, 0.005858104733134706, 11724524000000, 
0.027912837349187036, -0.00519118416135426, 0.005735836877030031, 11724558000000, 
0.027510943504164498, -0.0038119323483520873, 0.005605220270801444, 11724592000000, 
0.027159351665317466, -0.0025116189462319007, 0.005505542167911267, 11724626000000, 
0.026780775160978543, -0.002433894477286517, 0.005430071355364034, 11724660000000, 
0.02642562351931632, -0.002445760486670482, 0.005357716689707488, 11724694000000, 
0.025976108636014406, -0.002682221749880457, 0.005278833821087284, 11724728000000, 
0.02563400612251776, -0.0026387246559952024, 0.005202382551856566, 11724762000000, 
0.025435831211624294, -0.0018009247479670403, 0.005136396398010431, 11724796000000, 
0.02526158990018823, -0.0012413874077651006, 0.0050887618156220185, 11724830000000, 
0.025006321419699606, -0.0014316993064156236, 0.005046916168767475, 11724864000000, 
0.02491389203379013, -0.0011589928879936668, 0.005012120223578531, 11724898000000, 
0.02481936203612989, -0.0006231979452323936, 0.004982638365974641, 11724932000000, 
0.024744941573491275, -0.0005631682009961855, 0.004965213042894086, 11724966000000, 
0.024606407547051568, -0.0007098482969277361, 0.004944714077111515, 11725000000000, 
0.024488549545809146, -0.0008546400922737618, 0.004922659911090132, 11725034000000, 
0.02450169703093863, -0.00034903505370979343, 0.00490644360825329, 11725068000000, 
0.024476069662605848, -4.159961067765986e-05, 0.0048977544159569085, 11725102000000, 
0.024391075237462534, -0.00036873931158698525, 0.004891256128733801, 11725136000000, 
0.02427075126010214, -0.0006843946750123564, 0.004875859744011368, 11725170000000, 
0.024076039914601388, -0.001050117742870486, 0.004849191094144404, 11725204000000, 
0.024002563907968177, -0.0008939578404465465, 0.00482329033884478, 11725238000000, 
-0.361131862565089, -1.284026341598968, -0.020870217249501295, 11725306000000, 
-0.3666951138477095, -1.3023255925189254, -0.04692162750032202, 11725340000000, 
-0.37446737836671984, -0.04445171933876946, -0.07348629031863456, 11725374000000, 
-0.38073568182748563, -0.04680189326592051, -0.07479321160279433, 11725408000000, 
-0.38754412398105265, -0.043589152047776025, -0.07618314561168388, 11725442000000, 
-0.3927170401169353, -0.03993786096483228, -0.0773997897283649, 11725476000000, 
-0.40129872058017213, -0.04584865533039828, -0.078770658978544, 11725510000000, 
-0.40782008153422433, -0.0503434713909634, -0.08012238948208879, 11725544000000, 
-0.41672799996050136, -0.0514309312677641, -0.08172312013832653, 11725578000000, 
-0.421240087003087, -0.04473335156287561, -0.08305254456652085, 11725612000000, 
-0.4254383950901852, -0.029034650432279523, -0.08422709880358491, 11725646000000, 
-0.42300149164669376, -0.005871348812022485, -0.0846453315826644, 11725680000000, 
-0.4007848783678507, 0.08217838907444837, -0.08328165100698198, 11725714000000, 
-0.3848582840275734, 0.12714402539706793, -0.08057631026947452, 11725748000000, 
-0.384232306240329, 0.055175240425072346, -0.07799169790905021, 11725782000000, 
-0.3816166183123668, 0.010805552384021885, -0.07671381390535129, 11725816000000, 
-0.36951703222679955, 0.04905091337843152, -0.07569106378529969, 11725850000000, 
-0.36321112431980707, 0.06135164664186584, -0.0742896516572649, 11725884000000, 
-0.3594544132939932, 0.033542063109354515, -0.07281217132270665, 11725918000000, 
-0.3540799573767508, 0.030437223143520892, -0.07178303299937007, 11725952000000, 
-0.3488367234347933, 0.035392299530666214, -0.07082473960703582, 11725986000000, 
-0.34424645695568845, 0.03277833473687449, -0.06981087585114884, 11726020000000, 
-0.3380590309377607, 0.035925641656775475, -0.0687428140885495, 11726054000000, 
-0.3332452649692934, 0.03667063995465014, -0.06770338352418284, 11726088000000, 
-0.32743390654365756, 0.03541708131367708, -0.06658254683004744, 11726122000000, 
-0.3237456144907731, 0.03166550159506768, -0.06562831906691494, 11726156000000, 
-0.3201398555907944, 0.024313503176210578, -0.06475462510834834, 11726190000000, 
-0.31742937794451986, 0.021054121820844134, -0.06408765653507249, 11726224000000, 
-0.3158101308889436, 0.01443241567283593, -0.06355862429495052, 11726258000000, 
-0.3111246307202542, 0.021015824080885537, -0.06295760930358117, 11726292000000, 
-0.306476757341116, 0.031111245159425316, -0.062227434596687586, 11726326000000, 
-0.3028748918281128, 0.02749912964047141, -0.06136508532596553, 11726360000000, 
-0.2997109760357044, 0.022552604351372036, -0.06060417501366221, 11726394000000, 
-0.2962072530187445, 0.022225462697894233, -0.05991954139217078, 11726428000000, 
-0.29343839870111266, 0.020908591115305814, -0.05929044185037077, 11726462000000, 
-0.29119994989026665, 0.016691010428259528, -0.058723040107341584, 11726496000000, 
-0.2879593451784608, 0.018263511742172927, -0.058173179584656, 11726530000000, 
-0.28384043631027067, 0.024531711933319933, -0.05753331542526654, 11726564000000, 
-0.2803456598718346, 0.025378951022087353, -0.0568096960907044, 11726598000000, 
-0.2787744983208773, 0.01688645996464455, -0.0561973729668655, 11726632000000, 
-0.27742889585001596, 0.009722546739395396, -0.05576993693618185, 11726666000000, 
-0.275131847311187, 0.012142170032301003, -0.05542234943213868, 11726700000000, 
-0.2733462934510227, 0.013608674663310913, -0.05506046910748171, 11726734000000, 
-0.2713186045074081, 0.012710809345929755, -0.05465311635130785, 11726768000000, 
-0.26977402510409876, 0.01190756115641308, -0.054295928204168634, 11726802000000, 
-0.26845290394232846, 0.00955233521693207, -0.05396970223692235, 11726836000000, 
-0.26735091751702744, 0.008077025290237719, -0.05370518977089698, 11726870000000, 
-0.266349171677827, 0.007012440881671485, -0.053476866209145525, 11726904000000, 
-0.2655934487003224, 0.005858229389016738, -0.053286235859678455, 11726938000000, 
-0.26502468820806313, 0.00441494489921294, -0.053131153905747505, 11726972000000, 
-0.26462390133711167, 0.0032318245440358475, -0.053016135883033146, 11727006000000, 
-0.2645073037906045, 0.0017246147248621095, -0.05294372622238529, 11727040000000, 
-0.2648618634814701, -0.0007932071478615003, -0.05293287124061242, 11727074000000, 
-0.26520058595425944, -0.0023109405455164675, -0.052971316881755603, 11727108000000, 
-0.26610881202021663, -0.004156495129155058, -0.05307808409706308, 11727142000000, 
-0.2667130073626316, -0.005041404694573852, -0.05320149368914051, 11727176000000, 
-0.26756663935843994, -0.004859424460744351, -0.05335923058275254, 11727210000000, 
-0.2698157129180587, -0.010342351851423773, -0.05360635730927535, 11727244000000, 
-0.2709888916204579, -0.011407507540059925, -0.053891416259797105, 11727278000000, 
-0.27347319786027424, -0.012191616474051722, -0.054285186826586056, 11727312000000, 
-0.2752692393314238, -0.01426782570321953, -0.05464875525414373, 11727346000000, 
-0.2773792379558422, -0.01302013365189314, -0.055074778343169345, 11727380000000, 
0.13972138011616098, 1.3833020648252823, -0.027528473144740332, 11727414000000, 
0.1440311509308061, 1.4047012962888275, 0.0004248862060749925, 11727448000000, 
0.15191473073001927, 0.0406445020461943, 0.029044484118465757, 11727482000000, 
0.1590381366012319, 0.050023285568085996, 0.03033226788413715, 11727516000000, 
0.15964344151305632, 0.02576236927679017, 0.031373087256287166, 11727550000000, 
0.1584298236077677, -0.0020277099782139985, 0.031807426781470395, 11727584000000, 
0.156138574994368, -0.0116828883956277, 0.031614122674346136, 11727618000000, 
0.156138574994368, -0.00763749537799896, 0.03138046490643358, 11727618000000, 
0.15461412426761756, -0.005081502422501494, 0.03112608495042357, 11727652000000, 
0.15461412426761756, -0.005081502422501494, 0.03102445490197354, 11727652000000, 
0.15232378002084923, -0.007634480822561092, 0.03077013523707229, 11727686000000, 
0.14877345582759638, -0.019468894800070597, 0.030380757341070878, 11727720000000, 
0.14877345582759638, -0.011834413977509506, 0.029991379445069466, 11727720000000, 
0.14607133460711852, -0.0090070707349262, 0.02957454975082075, 11727754000000, 
0.14607133460711852, -0.0090070707349262, 0.029394408336122228, 11727754000000, 
0.1435100117719763, -0.008537742783807367, 0.029043512065747557, 11727788000000, 
0.14139649903859075, -0.015582785228425896, 0.028731856361179038, 11727822000000, 
0.14139649903859075, -0.007045042444618528, 0.02842020065661052, 11727822000000, 
0.13875394995855173, -0.008808496933463417, 0.028103129869048882, 11727856000000, 
0.1366116019743142, -0.015949656880921797, 0.027784136731430445, 11727890000000, 
0.1366116019743142, -0.007141159947458379, 0.02746514359381201, 11727890000000, 
0.1348152346874394, -0.005987890956249409, 0.027202562575737853, 11727924000000, 
0.133124300871998, -0.011624337007720698, 0.02697007583558344, 11727958000000, 
0.13114966035679432, -0.012218581102150239, 0.026605946394415447, 11727992000000, 
0.12979250867908565, -0.011105973976374509, 0.02627109799385853, 11728026000000, 
0.12771494190430666, -0.011449061508292205, 0.025910474062679108, 11728060000000, 
0.12540583694437846, -0.014622239115690642, 0.025527552501851385, 11728094000000, 
0.12244711782881534, -0.01755941358497104, 0.02503785977850003, 11728128000000, 
0.1198992371734664, -0.018355332569706857, 0.024516812796444014, 11728162000000, 
0.11789114193579087, -0.015186586310081593, 0.02401583312920484, 11728196000000, 
0.11706817187502949, -0.009436884328123027, 0.023657236732285782, 11728230000000, 
0.11706817187502949, -0.002743233535871248, 0.023468499045723325, 11728230000000, 
0.11568379604625179, -0.004614586095925688, 0.023321342653087385, 11728264000000, 
0.11401247010469717, -0.010185672567774398, 0.023117629201731896, 11728298000000, 
0.11283873033701664, -0.009483552364117168, 0.02283566643253104, 11728332000000, 
0.11283873033701664, -0.003912465892268457, 0.022645995385248696, 11728332000000, 
0.11041010054043232, -0.008095432655281046, 0.022405837414297705, 11728366000000, 
0.10872213631686378, -0.013721980067176176, 0.022131397812954184, 11728400000000, 
0.10774763935805876, -0.008874870607911886, 0.021791991747690323, 11728434000000, 
0.10774763935805876, -0.003248323196016756, 0.021614494335532086, 11728434000000, 
0.10547137159426834, -0.007587559212634727, 0.021397776687359055, 11728468000000, 
0.10366692228366503, -0.013602390247979082, 0.021125728882399476, 11728502000000, 
0.10168673348216872, -0.01261546037366538, 0.020721668490673473, 11728536000000, 
0.09990778705507397, -0.012530450761970199, 0.020350762854727183, 11728570000000, 
0.09875117814837342, -0.009785184445984344, 0.020023046579041075, 11728604000000, 
0.0974156847786598, -0.008307007588047218, 0.019738309998807147, 11728638000000, 
0.09582402779814947, -0.009757167834079835, 0.019466059381678846, 11728672000000, 
0.09465105405126284, -0.009215435757989887, 0.019192717775204808, 11728706000000, 
0.09347396200488634, -0.007833552644210448, 0.01892993625695324, 11728740000000, 
0.09347396200488634, -0.003923640154588348, 0.018773265204069033, 11728740000000, 
0.09152014916152007, -0.00651270947788755, 0.018564538211419516, 11728774000000, 
0.08985937100837438, -0.012048636655039857, 0.018323565478318718, 11728808000000, 
0.08912739747283549, -0.007975838962281934, 0.018033794509515328, 11728842000000, 
0.08912739747283549, -0.002439911785129626, 0.01787427773026969, 11728842000000, 
0.08714812860497956, -0.006597562892853108, 0.017693528236710037, 11728876000000, 
0.08516658463413629, -0.013202709462330672, 0.017429474047463422, 11728910000000, 
0.08410570612448343, -0.01014140826832044, 0.017094694624239952, 11728944000000, 
0.08322881681194882, -0.006459226073958213, 0.016833407171371235, 11728978000000, 
0.08209417002015718, -0.006705120347754168, 0.016628579530439294, 11729012000000, 
0.08116567935953256, -0.006877124841387546, 0.016432577746109237, 11729046000000, 
0.08027519233670377, -0.006063258944844681, 0.016235669447759567, 11729080000000, 
0.07906487498705062, -0.007002681241606486, 0.016033716445552463, 11729114000000, 
0.07781134039420357, -0.008212839808334019, 0.015810093847863863, 11729148000000, 
0.07640555754614331, -0.008864391469691016, 0.015552118195159833, 11729182000000, 
0.075456072019072, -0.007850894583771861, 0.015311531330627926, 11729216000000, 
0.075456072019072, -0.003164951756904344, 0.015154513438952489, 11729216000000, 
0.07406102950747506, -0.004650141705323148, 0.014998211569707938, 11729250000000, 
0.07305397574147854, -0.008006987591978229, 0.014838071817868373, 11729284000000, 
0.07162101040314672, -0.008133397014427798, 0.014582401043473355, 11729318000000, 
0.07005488481994204, -0.009996969738454986, 0.014315324730971154, 11729352000000, 
0.06898719435839684, -0.008779386815832938, 0.01404420597209904, 11729386000000, 
0.06720193386437279, -0.009509836518564185, 0.01374960086951411, 11729420000000, 
0.06645147845235977, -0.008452386353456909, 0.01350937377834196, 11729454000000, 
0.06535028427025624, -0.006172165313721815, 0.013266913105799253, 11729488000000, 
0.06471982234952689, -0.005772187009442931, 0.013101439004809527, 11729522000000, 
0.06379149510114734, -0.005195963897029661, 0.012924106781395365, 11729556000000, 
0.06276450323642147, -0.006517730377018083, 0.012751721379139713, 11729590000000, 
0.06226299563144666, -0.0050949982323356124, 0.012587932931267698, 11729624000000, 
0.06114874624810884, -0.0053858566277087405, 0.012411749674398464, 11729658000000, 
0.06063941363839476, -0.005411939976839679, 0.012270077034530017, 11729692000000, 
0.05922706007443512, -0.0064056205789124005, 0.012067681330729248, 11729726000000, 
0.058582193740911226, -0.006857399658278436, 0.011896577830249408, 11729760000000, 
0.05812931569854607, -0.003659147919630179, 0.011729237967592827, 11729794000000, 
0.057331682814375284, -0.004168369755119805, 0.011602879483588839, 11729828000000, 
0.05682450297689634, -0.004349375738832428, 0.01148570009932118, 11729862000000, 
0.05602726561274807, -0.00434805733875739, 0.011345563426934647, 11729896000000, 
0.05513357691741394, -0.005636420198274668, 0.01119902303380389, 11729930000000, 
0.05439348214198381, -0.005445944902547535, 0.011036954978143054, 11729964000000, 
-0.20969124500350222, -0.8827494064030539, -0.006677612396273631, 11729998000000, 
-0.21259940687260048, -0.889976296715281, -0.024526477982274593, 11730032000000, 
-0.21444727986039958, -0.01585344952299117, -0.042449195449100155, 11730066000000, 
-0.21219619942320156, 0.001344024831329745, -0.042616192410413443, 11730100000000, 
-0.20437288072099236, 0.03358133046469073, -0.042067757333639565, 11730134000000, 
-0.19941755326744826, 0.04259548718584435, -0.04106577556077615, 11730168000000, 
-0.19941755326744826, 0.016517758178480335, -0.040213865817059255, 11730168000000, 
-0.19722422587230426, 0.007311091317146652, -0.039737288827146715, 11730202000000, 
-0.19269344762524776, 0.02241368547400165, -0.039289015117666685, 11730236000000, 
-0.18723536391293472, 0.03329620653123181, -0.03847686916069912, 11730270000000, 
-0.18444145807431012, 0.027506631836458812, -0.03762468464083284, 11730304000000, 
-0.18168651919003453, 0.01849614907633394, -0.036890889411818624, 11730338000000, 
-0.17925443901527194, 0.01729006353012726, -0.03635882775197444, 11730372000000, 
-0.17925443901527194, 0.008106933915875322, -0.03601302648137189, 11730372000000, 
-0.1743727896889804, 0.01627216442097179, -0.03552544451463495, 11730406000000, 
-0.1701670923844909, 0.030291155435936783, -0.034919621405916215, 11730440000000, 
-0.16706404120495444, 0.024362494946753206, -0.03410692821856172, 11730474000000, 
-0.16313762865580816, 0.023431545762275796, -0.0333579174830169, 11730508000000, 
-0.1572025131156196, 0.03287176029778275, -0.03249361219842548, 11730542000000, 
-0.15373267492634834, 0.03134984576486607, -0.03160485444651841, 11730576000000, 
-0.15234234506340893, 0.016200560174035594, -0.030885168873691794, 11730610000000, 
-0.1498218028062177, 0.013036240400435458, -0.030393121519731666, 11730644000000, 
-0.14741362366523036, 0.0164290713272619, -0.029971851435657133, 11730678000000, 
-0.1445352724800264, 0.017621767753971024, -0.029451379930098297, 11730712000000, 
-0.14240395533530004, 0.016698894433101092, -0.028956856765370454, 11730746000000, 
-0.13919765758767566, 0.017792049641169132, -0.028409125693533474, 11730780000000, 
-0.13695535679648385, 0.018161995129387282, -0.0279037979812973, 11730814000000, 
-0.13509467056846658, 0.013676623397363604, -0.027416512330175072, 11730848000000, 
-0.13324750419792952, 0.012359508661847762, -0.02701983543752533, 11730882000000, 
-0.1312794980588201, 0.012717241698821566, -0.026641444855014414, 11730916000000, 
-0.12809100592213607, 0.017188327585978175, -0.02617453387859238, 11730950000000, 
-0.12809100592213607, 0.010628307122280134, -0.025830767326872815, 11730950000000, 
-0.12437503563502261, 0.012386567623711523, -0.025370469831952982, 11730984000000, 
-0.12097557652717494, 0.02371809798320375, -0.02489610787228891, 11731018000000, 
-0.11846904031508076, 0.019686651066472827, -0.02425464349848522, 11731052000000, 
-0.1166486846648418, 0.014422972874443829, -0.0237395534338065, 11731086000000, 
-0.1166486846648418, 0.006067852167463232, -0.023451093976317623, 11731086000000, 
-0.11526207274922928, 0.004622039718708375, -0.023237296138594193, 11731120000000, 
-0.11325784903080516, 0.011302785446788791, -0.023011240429658415, 11731154000000, 
-0.11110841924085779, 0.013845511694571636, -0.022641889401392817, 11731188000000, 
-0.10979574562411143, 0.011540344688979095, -0.022277467593051624, 11731222000000, 
-0.10730951894227703, 0.012663000995269217, -0.021880912253816415, 11731256000000, 
-0.10730951894227703, 0.008287422272781342, -0.021627652233911034, 11731256000000, 
-0.10431627229010498, 0.009977488840573479, -0.021262354011643936, 11731290000000, 
-0.10205912184665156, 0.0175013236520849, -0.020912327538602237, 11731324000000, 
-0.1000091485863095, 0.014357079012651633, -0.020425636181537737, 11731358000000, 
-0.09746072175602771, 0.01532800030207948, -0.01996859947926592, 11731392000000, 
-0.09456476404594527, 0.01814794846788074, -0.0194689756258855, 11731426000000, 
-0.09250444935097768, 0.01652090801683344, -0.018968662343530045, 11731460000000, 
-0.08974600394826338, 0.016062533658939653, -0.01845434782301242, 11731494000000, 
-0.08734347151939259, 0.017203259438616964, -0.017972928321242244, 11731528000000, 
-0.08561980763894539, 0.013753987697726622, -0.017513952207106758, 11731562000000, 
-0.08391479245132816, 0.011428930226881443, -0.01712520477397774, 11731596000000, 
-0.08112714862020098, 0.014975530062481349, -0.01671078324736497, 11731630000000, 
-0.07910690612587556, 0.016026287751508644, -0.016276589813160314, 11731664000000, 
-0.07817408471930243, 0.00984354633632852, -0.015893875964358598, 11731698000000, 
-0.07596572031595139, 0.010470619366413914, -0.015549780744075292, 11731732000000, 
-0.07572730337196676, 0.00815593782445223, -0.015324473893814704, 11731766000000, 
-0.07496418850876774, 0.003338439357278844, -0.015110480813112392, 11731800000000, 
-0.07306145314388024, 0.008886167426955064, -0.014916863001640981, 11731834000000, 
-0.07180335603176013, 0.010536108256692009, -0.014655266512293874, 11731868000000, 
-0.07018969571333677, 0.009572524768478216, -0.014336966992598477, 11731902000000, 
-0.06808766897074836, 0.012385623536705914, -0.01400538138105635, 11731936000000, 
-0.06616628971189531, 0.013411353338138218, -0.013629576959732029, 11731970000000, 
-0.06468733551515848, 0.011334444851966255, -0.013262752946520143, 11732004000000, 
-0.0632682085951215, 0.009660270389246032, -0.01294145558814502, 11732038000000, 
-0.06156604452187464, 0.010404303310946142, -0.012634772575476974, 11732072000000, 
-0.06008947673173726, 0.010595772877947477, -0.012328248656582226, 11732106000000, 
-0.05848215992700023, 0.010279615316248028, -0.012009178745374141, 11732140000000, 
-0.0570072288777661, 0.01027415951323718, -0.011705257702433573, 11732174000000, 
-0.05570981487149407, 0.00924115018502055, -0.011413280245084027, 11732208000000, 
-0.05481432833327515, 0.0073096684816365, -0.011168758138835689, 11732242000000, 
-0.05337752563518672, 0.007774297454357833, -0.010926777922663729, 11732276000000, 
-0.05199619028141722, 0.009393793506193108, -0.01067920294999194, 11732310000000, 
-0.051116979398710516, 0.00753515412158734, -0.010432713021020964, 11732344000000, 
-0.04969460096432288, 0.0076719643903144785, -0.01018718470963004, 11732378000000, 
-0.04859933505475933, 0.008392147813170622, -0.009960727694519514, 11732412000000, 
-0.047586547220844544, 0.007026845811594444, -0.00972536554932845, 11732446000000, 
-0.046519025626537314, 0.006934364760740053, -0.009513660526809412, 11732480000000, 
-0.045632550637536795, 0.006513321944359163, -0.009315874898994577, 11732514000000, 
-0.044440826505164566, 0.006927330404575827, -0.009106160184615911, 11732548000000, 
-0.04352284152436514, 0.00703236371057218, -0.008906414577804434, 11732582000000, 
-0.04267284768283064, 0.005893262741113088, -0.008709101047490689, 11732616000000, 
-0.0418436833092386, 0.005597194050421805, -0.008535958167762292, 11732650000000, 
-0.041279599300885206, 0.004644161273151444, -0.008386408686196964, 11732684000000, 
-0.04083356210674438, 0.0033670706749807286, -0.008263789647791212, 11732718000000, 
-0.03966881999563965, 0.005369264350818526, -0.00811879876021795, 11732752000000, 
-0.038813755084841084, 0.00673269007301099, -0.007954409145815007, 11732786000000, 
-0.03800330848019806, 0.005551705051471956, -0.00776572557071192, 11732820000000, 
-0.03731728417379099, 0.004988236370166987, -0.007608956515922009, 11732854000000, 
-0.036443424935101554, 0.005199611816988359, -0.007450934505939373, 11732888000000, 
-0.03585533255759055, 0.004873172054001469, -0.007307736111098873, 11732922000000, 
-0.03490635593519231, 0.005123563333030805, -0.007147007561858961, 11732956000000, 
-0.034223698678895964, 0.005438779595648609, -0.006999025811445255, 11732990000000, 
-0.03337183069029681, 0.005115084149651672, -0.006833459020292339, 11733024000000, 
-0.03271484943431879, 0.005029497481923902, -0.006687358586900771, 11733058000000, 
-0.03159348150685348, 0.005927830611477762, -0.0065120107754312725, 11733092000000, 
-0.031213261126223912, 0.00500529436031627, -0.006368106137826413, 11733126000000, 
-0.030634230364975146, 0.0031975038062611225, -0.00622939819987017, 11733160000000, 
-0.03002934297331361, 0.003946393843034339, -0.006125122297634178, 11733194000000, 
-0.029335997889623933, 0.004327441584504044, -0.005999971415194179, 11733228000000, 
-0.028840028971786058, 0.003964380005091843, -0.005880357988981573, 11733262000000, 
-0.028030868227080674, 0.004350432208477528, -0.005747126339232711, 11733296000000, 
-0.027351463591178682, 0.004961884602024587, -0.005614824052669694, 11733330000000, 
-0.026780181296734984, 0.004168956434485634, -0.005477500874332956, 11733364000000, 
-0.02611157181604673, 0.004132972583773172, -0.005349547780264027, 11733398000000, 
-0.025462783410648004, 0.004391326286956598, -0.005223635768228648, 11733432000000, 
-0.02513953801802904, 0.003240112660058969, -0.005114259549648252, 11733466000000, 
-0.024724896588069978, 0.0024596227419267556, -0.005021814534449802, 11733500000000, 
-0.024217958526756345, 0.00307193163757565, -0.004938826208857024, 11733534000000, 
-0.023747703801960007, 0.003257309287033235, -0.004846037261119088, 11733568000000, 
-0.02328720979228338, 0.0031024957815765455, -0.004750191474733315, 11733602000000, 
-0.022841150034061286, 0.0030218458929957373, -0.004658404241886978, 11733636000000, 
-0.022256689447398337, 0.0034350678162834805, -0.0045590032849162, 11733670000000, 
-0.021826520391147408, 0.0033820988097129265, -0.004461623991507136, 11733704000000, 
-0.02125348352296319, 0.003344019748117155, -0.004355779557433929, 11733738000000, 
-0.020803408556893555, 0.003410372780846179, -0.0042588941647336105, 11733772000000, 
-0.020000806968939244, 0.004175588513413153, -0.004137179936586399, 11733806000000, 
-0.01951773674420121, 0.004285572708974487, -0.004021463484668934, 11733840000000, 
-0.019032690271807873, 0.0032270556571045717, -0.003903415598996555, 11733874000000, 
-0.0187207949462338, 0.002656472659891366, -0.0038180814641495253, 11733908000000, 
-0.018350066583094016, 0.0022754122957128566, -0.0037402367867423792, 11733942000000, 
-0.017985754181581104, 0.002450135882175649, -0.0036704410473939277, 11733976000000, 
-0.01768562196828727, 0.002214815382689158, -0.0036014295155308257, 11734010000000, 
-0.01721718616079837, 0.002561893402609113, -0.0035259041540444493, 11734044000000, 
-0.01721718616079837, 0.0015614526916296612, -0.003474666285992267, 11734044000000, 
-0.01661138925210537, 0.0020193230289766717, -0.0034030507715801404, 11734112000000, 
-0.01620597796583967, 0.0033706939831956717, -0.003335636891916227, 11734146000000, 
-0.015711498077067176, 0.002999637250127307, -0.0032352576863341476, 11734180000000, 
-0.015711498077067176, 0.0016482662959083072, -0.0031752649413316013, 11734180000000, 
-0.015146574851939931, 0.001883077417090817, -0.003104638067071619, 11734248000000, 
-0.014931784071230858, 0.0025990466861210613, -0.003052657133349198, 11734282000000, 
-0.014600883152234623, 0.0018189723323510283, -0.002978616138360361, 11734316000000, 
-0.014395978536522858, 0.001786018449026668, -0.0029285763839992226, 11734350000000, 
-0.014100722151083822, 0.0016672033371693356, -0.00287317225598942, 11734384000000, 
-0.01389401641384369, 0.0016732070755972235, -0.002826047806763358, 11734418000000, 
-0.013583272307535754, 0.001724832811826893, -0.0027718673914975513, 11734452000000, 
-0.013293115519704912, 0.0020030029804625946, -0.0027180269494056237, 11734486000000, 
-0.012945700637185809, 0.0021252389011664854, -0.0026548058976284318, 11734520000000, 
-0.012696345739903858, 0.0019892325993368467, -0.002595677459786305, 11734554000000, 
-0.012446448565109236, 0.001664173573588575, -0.0025392329961465934, 11734588000000, 
-0.012078195569950267, 0.002060500566511969, -0.0024813993249975575, 11734622000000, 
-0.011895853579126037, 0.0018353166199439979, -0.0024280331809457024, 11734656000000, 
-0.0116140593683709, 0.0015471206719312274, -0.0023725405678298134, 11734690000000, 
-0.011449211677339033, 0.0014888063392900126, -0.002330608308322398, 11734724000000, 
-0.011137403971160698, 0.0015888513240340056, -0.0022800450011247085, 11734758000000, 
-0.010912851334013318, 0.0017878678110857156, -0.002233297798834203, 11734792000000, 
-0.010712925086549863, 0.0014149296153694497, -0.0021842120261149254, 11734826000000, 
-0.01058211995318148, 0.0011024379361061303, -0.0021471930915829772, 11734860000000, 
-0.010376699543292123, 0.001120751810859133, -0.002111449638868231, 11734894000000, 
-0.010216611101364403, 0.0012183628393902524, -0.002078362039855867, 11734928000000, 
-0.010043623509669697, 0.0011102534454080863, -0.0020424622769550814, 11734962000000, 
-0.009757345664545447, 0.0015308847893965212, -0.0020011720183719696, 11734996000000, 
-0.009421271843050416, 0.0020745055553976024, -0.0019481494011510372, 11735030000000, 
-0.009186949581216464, 0.001901320277763278, -0.0018910378059208218, 11735064000000, 
-0.009051022861849667, 0.001234163270669164, -0.0018439496190744364, 11735098000000, 
-0.008933648440135222, 0.0008443371369374711, -0.0018114413922134234, 11735132000000, 
-0.008751972436094047, 0.0009968347525187344, -0.001782442915871929, 11735166000000, 
-0.008592283125656852, 0.0011378843815945672, -0.001751860266792408, 11735200000000, 
-0.008404373019061495, 0.001158664723441838, -0.0017165752387208262, 11735234000000, 
-0.008189655491297021, 0.0013420921145327707, -0.0016790874424010246, 11735268000000, 
-0.008037516896659547, 0.0012228537413398282, -0.0016421030271345375, 11735302000000, 
-0.007888783563096524, 0.0010029064273349892, -0.0016077303967368727, 11735336000000, 
-0.007704981353950924, 0.0011084518090287432, -0.0015754187875804662, 11735370000000, 
-0.007574884522815406, 0.001046330134270394, -0.0015445766293241902, 11735404000000, 
-0.007434275065645757, 0.0009023542943505566, -0.0015142760628274723, 11735438000000, 
-0.007263182714994265, 0.0010390060260704697, -0.001484822820230362, 11735472000000, 
-0.007114601260375331, 0.0010655793509014206, -0.0014541372694010235, 11735506000000, 
-0.006984304189332491, 0.0009295950855392476, -0.001424139210980139, 11735540000000, 
-0.006865934926064909, 0.0008288877810347373, -0.0013976560250515153, 11735574000000, 
-0.006693574026505278, 0.0009691005427573766, -0.0013695875427935118, 11735608000000, 
-0.006587159548935073, 0.0009292512570994541, -0.001343111233433684, 11735642000000, 
-0.006435485307409117, 0.0008602957303205372, -0.0013144145921899645, 11735676000000, 
-0.006351118046330928, 0.0007868050086804838, -0.0012915841935116745, 11735710000000, 
-0.006198601245393398, 0.0007896135400523955, -0.0012656803066088962, 11735744000000, 
-0.006083160724212444, 0.0008931910737282797, -0.0012421920010624514, 11735778000000, 
-0.005905230278262508, 0.0009779032237696346, -0.00121246614985789, 11735812000000, 
-0.0057624434098113575, 0.0010690577146702889, -0.0011833889608190873, 11735846000000, 
-0.005634571210961781, 0.0009021968910024233, -0.0011534829932690431, 11735880000000, 
-0.0054836214476758904, 0.0009294065404515569, -0.001125375737896602, 11735914000000, 
-0.005415326607602466, 0.0007308153445310476, -0.0011022346177493425, 11735948000000, 
-0.005311370239253765, 0.0005741706947404168, -0.0010806878863021414, 11735982000000, 
-0.005194559607027305, 0.0007358900019172054, -0.0010614170969255692, 11736016000000, 
-0.005094373694834786, 0.0007233218147299306, -0.0010400202360743905, 11736050000000, 
-0.004944672516473236, 0.0008329569685135615, -0.0010155737212223551, 11736084000000, 
-0.004830169280938712, 0.0008806813796535806, -0.0009912810328164489, 11736118000000, 
-0.004770204408729661, 0.0005815603591452501, -0.0009696697470761073, 11736152000000, 
-0.00468801625357429, 0.0004738434245480742, -0.0009525593295495109, 11736186000000, 
-0.004632995908264714, 0.0004573616682164901, -0.000939414438037911, 11736220000000, 
-0.004554194426390268, 0.00044607275728007306, -0.0009250137725486181, 11736254000000, 
-0.004432503227589812, 0.0006683089355830063, -0.0009079795708163196, 11736288000000, 
-0.004316027063194561, 0.0007938912106523569, -0.0008868483144783094, 11736322000000, 
-0.004210816738413836, 0.0007389549639199208, -0.0008639564686132139, 11736356000000, 
-0.004148649660243198, 0.0005579246765045435, -0.000845032897456773, 11736390000000, 
-0.004102813828834595, 0.0003600096985974706, -0.0008308186818327752, 11736424000000, 
-0.004051115026860064, 0.0003251154446104465, -0.0008201719010625237, 11736458000000, 
-0.003934173995365775, 0.0005621327782293998, -0.0008058735234040289, 11736492000000, 
-0.00389324094632304, 0.0005262469351234126, -0.0007919019979032585, 11736526000000, 
-0.003816575187990612, 0.00039199602458387756, -0.0007762660086452952, 11736560000000, 
-0.0037263826246625165, 0.0005561944055350784, -0.0007624132505984113, 11736594000000, 
-0.003658457517431213, 0.0005270589018646632, -0.0007467610220056228, 11736628000000, 
-0.003561092364327223, 0.0005509675344509782, -0.0007297288337613969, 11736662000000, 
-0.0034643800895826082, 0.0006469247594953487, -0.000712261998089403, 11736696000000, 
-0.0033602049023992997, 0.0006696248730930776, -0.0006923784904206087, 11736730000000, 
-0.0033036453495713936, 0.0005357824667040489, -0.0006752153561035534, 11736764000000, 
-0.0032364798026920383, 0.00041241699902420476, -0.0006600220036441821, 11736798000000, 
-0.003156956443918002, 0.0004889630188446384, -0.0006464721064120955, 11736832000000, 
-0.003073927163670387, 0.0005418421300721713, -0.0006311575606853618, 11736866000000, 
-0.0030167354894046206, 0.00046740318171127154, -0.000616507939799534, 11736900000000, 
-0.0029689486877990667, 0.0003499282529044005, -0.000603974089391605, 11736934000000, 
-0.002921902996271708, 0.0003161083104430418, -0.0005938391448983597, 11736968000000, 
-0.002855682305269003, 0.00037755460843354644, -0.0005831022659559852, 11737002000000, 
-0.0027734174908786713, 0.0004949516846434557, -0.0005700668528279588, 11737036000000, 
-0.002701084177754165, 0.000515327091716126, -0.0005553455982601226, 11737070000000, 
-0.002649749456750783, 0.0004122267804262947, -0.0005416167416922412, 11737104000000, 
-0.002591328363981127, 0.0003658527125767937, -0.0005294774665657383, 11737138000000, 
-0.0025070906927338044, 0.00047552921338992843, -0.000516544567564381, 11737172000000, 
-0.002458154197744644, 0.00044391388745494237, -0.000503771550297305, 11737206000000, 
-0.002410651521849161, 0.0003214639029488116, -0.0004917264274885073, 11737240000000, 
-0.0023428392626794192, 0.00038438311688408316, -0.00048077633215154827, 11737274000000, 
-0.002282940316281845, 0.00042570401855771917, -0.000469095406720695, 11737308000000, 
-0.002221209300236726, 0.00040543320814231026, -0.00045646592527986605, 11737342000000, 
-0.0021757656525731583, 0.0003572488790289559, -0.0004453276846061153, 11737376000000, 
-0.002113668085855558, 0.0003584707146038942, -0.00043404286924436284, 11737410000000, 
-0.0020715452311339533, 0.0003474014047973502, -0.0004240652646375113, 11737444000000, 
-0.0020319317169694706, 0.0002724545629536242, -0.00041447633559726547, 11737478000000, 
-0.0020076926057339683, 0.00021284208466661644, -0.0004074113035891595, 11737512000000, 
-0.0019754215538885234, 0.00018836721026982417, -0.00040100305843946413, 11737546000000, 
-0.0019127116168449199, 0.0003166032962968283, -0.0003930550517644941, 11737580000000, 
